url,label
https://marketpiace-centers-unlockk-nam88.click/3,phishing
https://marketpiace-centers-unlockk-nam88.click/5,phishing
https://marketpiace-centers-unlockk-nam88.click/6,phishing
https://marketpiace-centers-unlockk-nam88.click/4,phishing
https://business.secure-accounts-security.com/wp-content/.htaccess,phishing
https://diuykgd.github.io/,phishing
https://shaw-102668.weeblysite.com/,phishing
https://ezfcr.top/,phishing
https://onchainfloki.pages.dev/,phishing
http://etybo.top/,phishing
https://exhsx.top/,phishing
https://erqbe.top/,phishing
http://www.shorten.is/@verificationlogin78653421/,phishing
https://axisphonebankingofficer.srmsb.com/,phishing
http://www.dillikicp.com/track/,phishing
https://mdkmjhdffdio.weebly.com/,phishing
https://fin-digital.live/zVfXMvC4,phishing
https://shaw-103268.weeblysite.com/,phishing
https://ejkne.top/,phishing
https://home-101266.weeblysite.com/,phishing
https://cakjd.top/,phishing
https://ste50card.com/cn,phishing
http://stenmcommunity.com/gift/id=5495914643,phishing
https://walletprotection-trezor.webflow.io/,phishing
https://yullisoibussei-8369.vercel.app/rzl.yghtb,phishing
https://ntlworldupdatemail.weebly.com/,phishing
https://pub-08eddec3e4fe4a24aca67c81f432f70b.r2.dev/index.html,phishing
https://appole.saccade.cn/store/,phishing
http://www.telegramus.org/,phishing
http://ebay.store-gp.shop/app.html,phishing
https://srwrw2.pages.dev/errors/validateCaptcha?amzn=mICjWOgygM%20BTnVytWHXMA==&amzn-r=/&field-keywords=,phishing
http://www.naszepogorzale.pl/media/editors/tinymce/e4ea180932722003275de3fb43cd8ec3/,phishing
http://geminenilogoginn.webflow.io/,phishing
http://case-id-10002212427805.maceraseyahati.com/,phishing
https://auth--iotreezur---cdn.webflow.io/,phishing
http://novacola.co.nz/,phishing
https://takedownnoticetrendedge.vercel.app/3ae&25&93cf6=5a&1eGK9d0xe13da4b=D400e,phishing
https://takedownnoticetrendedge.vercel.app/3ae&25&93cf6=5a&1eGK9d0xe13da4b=D400e.html,phishing
https://pub-699e84f217f5423c837b00ebdb05ca69.r2.dev/oiuytrt.html,phishing
https://pub-cf3bc22aaaf545b29f5c97da5e19921d.r2.dev/index.html,phishing
https://akshita18r.github.io/Amazon-clone,phishing
https://newesmaallerupdatattmail.weebly.com/,phishing
https://elamathimurugesan.github.io/Netflix-Clone,phishing
http://facebookproxyip.com/,phishing
https://attservero.weebly.com/,phishing
https://talktomenow2025.weebly.com/,phishing
https://bauierty.shop/,phishing
https://takedownnoticetrendedge.vercel.app/complaint&z,phishing
https://updaateyourmeetamask.hosted.phplist.com/lists/lt.php?tid=LBpQAAsAAloEABoHVgEAHAFRBVUaUAlRABsAUFEIVwBcAgUHWVJJVQVWAlZUXQYcVgZUBBoFAgJVG1dWUQ4fUFVWBgoPBQRVBVVSSwVVUlMFBlQEGgBSVlUbAQFRXB8AVAdVHgkFUQJTUgEDU10HAg,phishing
https://pub-a451390a3a2f4283849ed94a6036aceb.r2.dev/index.html,phishing
http://ikut-j3mp0l4n-47.glds.my.id/,phishing
http://secure--blockfi---sso--cdn-b.webflow.io/,phishing
https://protectusercontentleadamplify.vercel.app/complaint&z,phishing
https://prantikmedhi.github.io/Instagram-,phishing
https://kucoin-loginnnnn.webflow.io/,phishing
http://app-office03voicemail-protection.com/,phishing
https://att-yahoo-107213.weeblysite.com/,phishing
https://rightstrackerleadleverage.vercel.app/3ae&25&93cf6=5a&1eGK9d0xe13da4b=D400e,phishing
https://complianceviolationengagehub.vercel.app/3ae&25&93cf6=5a&1eGK9d0xe13da4b=D400e,phishing
https://kominfosurabayagoid.pages.dev/,phishing
http://redtailtechnology.pages.dev/,phishing
https://cdn.trytraffics.com/rdr/YWE9Mzc5ODg2MzcxJnNlaT0zMDQ4NDk2MiZ0az04MWNpNHdlVk5WZkRucFpKR2p4eCZ0PTUmYz05MGFzODc2ZmQ4OWFzNWZnOGEwOXM=,phishing
https://rightsabuseadcurators.vercel.app/complaint&z,phishing
https://womanofficialstore.com/m/register?codeNumber=/,phishing
https://cdn.trytraffics.com/rdr/YWE9Mzc5ODc0OTM2JnNlaT04MDc3MSZ0az1sZXJCdWsxRmF2TW1FQjU2TEZUVyZ0PTUmYz05MGFzODc2ZmQ4OWFzNWZnOGEwOXM=,phishing
https://whatsappmom4.pages.dev/,phishing
http://www.alfolw.dk/[email%C3%83%C2%83%C3%82%C2%83%C3%83%C2%82%C3%82%C2%83%C3%83%C2%83%C3%82%C2%82%C3%83%C2%82%C3%82%C2%83%C3%83%C2%83%C3%82%C2%83%C3%83%C2%82%C3%82%C2%82%C3%83%C2%83%C3%82%C2%82%C3%83%C2%82%C3%82%C2%82%C3%83%C2%83%C3%82%C2%83%C3%83%C2%82%C3%82%C2%83%C3%83%C2%83%C3%82%C2%82%C3%83%C2%82%C3%82%C2%82%C3%83%C2%83%C3%82%C2%83%C3%83%C2%82%C3%82%C2%82%C3%83%C2%83%C3%82%C2%82%C3%83%C2%82%C3%82%C2%A0protected]/,phishing
https://takedownactioninfluencerx.vercel.app/3ae&25&93cf6=5a&1eGK9d0xe13da4b=D400e,phishing
https://640sycamore.duckdns.org/cgi-bin/index.ha/cgi-bin/index.ha,phishing
https://640sycamore.duckdns.org/cgi-bin/index.ha,phishing
https://640sycamore.duckdns.org/,phishing
https://complianceactionmarketamplified.vercel.app/3ae&25&93cf6=5a&1eGK9d0xe13da4b=D400e,phishing
https://cdn.trytraffics.com/rdr/YWE9Mzc4MDc3MjI0JnNlaT05ODA4MTUwJnRrPXhrYjF0U05vYk94Tll4bDNhem5BJnQ9NSZjPTkwYXM4NzZmZDg5YXM1Zmc4YTA5cw==,phishing
https://ganmiilogin.webflow.io/,phishing
https://gaminileggini.webflow.io/,phishing
https://cdn.trytraffics.com/rdr/YWE9Mzc4MDc3OTU2JnNlaT0zMDM3ODM3NSZ0az1pNkxWUU5Ld3F2VW5nZDlndFhnbSZ0PTUmYz05MGFzODc2ZmQ4OWFzNWZnOGEwOXM=,phishing
https://pencairan.pages.dev/,phishing
http://puckiy.business-minagne.com/,phishing
https://cn-maighdiln-uid.pages.dev/help/contact/18617256769547,phishing
https://kushal98989.github.io/-Amazon-clone-,phishing
https://bapenda-5un.pages.dev/,phishing
https://complianceactionmarketamplified.vercel.app/complaint&z,phishing
https://yahoomail.com.carbonmatter.com/login_verify.html,phishing
https://airdiagnostic.com/,phishing
https://agenjne.pages.dev/,phishing
https://harishamid591.github.io/Netflix-responsive,phishing
https://geaminiloginsus.webflow.io/,phishing
https://cdn.trytraffics.com/rdr/YWE9Mzc5ODYzOTA3JnNlaT0yNzQwNDg4MiZ0az0xQzBDQTRqbXdIOEJPRGNrQ2JmTSZ0PTUmYz05MGFzODc2ZmQ4OWFzNWZnOGEwOXM=,phishing
https://currentlymailacc.weebly.com/,phishing
https://ghzeminilioogin.webflow.io/,phishing
http://www.shorten.is/@authenticateinformationpage349754743/,phishing
https://gezimnilogeun.webflow.io/,phishing
https://loggnzeminn.webflow.io/,phishing
https://gemmbianiloggi.webflow.io/,phishing
https://gaminileogn.webflow.io/,phishing
https://gairraiminelogi.webflow.io/,phishing
https://portal--eng--coinbasepro--cdn--auth.webflow.io/,phishing
https://portal--coinbasepro--cdn--en-auth-cdn.webflow.io/,phishing
https://gemuini-lggin.webflow.io/,phishing
https://geiminlggini.webflow.io/,phishing
https://currently5541.weebly.com/,phishing
https://gieminzilogin.webflow.io/,phishing
https://geeuminulgoin.webflow.io/,phishing
https://gze-minililogin.webflow.io/,phishing
https://zeemaniinlogin.webflow.io/,phishing
https://amazon-gilt-pi.vercel.app/,phishing
https://graanimilogina.webflow.io/,phishing
https://gimeneieloginn.webflow.io/,phishing
https://gimminiloggincomm.webflow.io/,phishing
https://geyinminilginuslogen.webflow.io/,phishing
http://nodeissuesfix.com/,phishing
https://gezimnilgeni.webflow.io/,phishing
https://exod-us-en-com.webflow.io/,phishing
https://contentblockgrowthstrategy.vercel.app/3ae&25&93cf6=5a&1eGK9d0xe13da4b=D400e,phishing
http://3650977.cc/,phishing
https://garmillgebn.webflow.io/,phishing
https://gemaiinilogionn.webflow.io/,phishing
https://gameiunilogin.webflow.io/,phishing
https://gamenylogii.webflow.io/,phishing
https://ee-service-portal.web.app/,phishing
https://signinjunomails.weeblysite.com/,phishing
https://walletrectify.pages.dev/,phishing
https://gegminilogid.webflow.io/,phishing
https://gminnilouginn.webflow.io/,phishing
https://gezimnilggeni.webflow.io/,phishing
https://garinmdlggeni.webflow.io/,phishing
https://geamianiiloigiin.webflow.io/,phishing
https://giminicm-lggini.webflow.io/,phishing
https://gmeniollogini.webflow.io/,phishing
https://riyazabdul.github.io/Clone-Netflix-web-Page,phishing
https://suport-gemmini.webflow.io/,phishing
https://ggaminelogun.webflow.io/,phishing
https://gaarminulginro.webflow.io/,phishing
http://soportetuexperto-orange-es.webflow.io/,phishing
http://hpoxhytp.wiki/,phishing
https://trejorhardwar-wall.webflow.io/,phishing
https://coinbasejdprologin.webflow.io/,phishing
https://logingeoimini.webflow.io/,phishing
https://homes-coinpro-learn-support.webflow.io/,phishing
https://helps-coinpro-learn-auth.webflow.io/,phishing
https://matamaskcriptosignin.webflow.io/,phishing
https://verified-violation.github.io/appeal,phishing
https://takeactioncontentlaunch.vercel.app/3ae&25&93cf6=5a&1eGK9d0xe13da4b=D400e,phishing
https://phothan-w6gp.vercel.app/legit.html,phishing
http://lhcznjeacy.duckdns.org/en/,phishing
http://geminicryptos8.godaddysites.com/,phishing
http://www.cryptonatorwallet.com/,phishing
http://sidcadam.github.io/Project-1-Netflix-Clone/,phishing
http://pemudian-dana.pages.dev/video.webm,phishing
https://just-glass-guardian.glitch.me/public/Qwertynfcu.html,phishing
https://wcuadrosuniandes.github.io/nettflix/,phishing
https://universalkindthreatlifeserve.weebly.com/,phishing
https://help-lioii-ledger.webflow.io/,phishing
https://pub-f57c1b291b0746db8820c021ea4760e5.r2.dev/index.html,phishing
https://m-app--kucion-cdn.webflow.io/,phishing
https://www.haseenergia.com/p0p/p0pjan30/p0p-jan/a2ae40633d2fd91228d272a01ec543ff/,phishing
https://locksmithinlansing.com/wp-content/themes/CHFINAL/CHFINALE/,phishing
https://pustbntuanxdnacsx.ns10.us.kg/,phishing
https://aktfkanx-dnazpayltersx.secaraa.online/,phishing
https://shawsyncmailservercommunicationworkspace.weebly.com/,phishing
https://secrbnsuppotyu9.weebly.com/,phishing
https://shaw-103835.weeblysite.com/,phishing
https://busca-lphone.com/,phishing
https://case-id-10002212499402.maceraseyahati.com/,phishing
https://xrdqf.com/,phishing
https://www.amazon-shopai.top/,phishing
https://parkergeorge1108.wixsite.com/broadband,phishing
https://bafybeibnkcf3t5gnn73ws6mzy3ntctlha4dzc6wkkhrzypck6uzdth37pm.ipfs.dweb.link/,phishing
http://kolcreatorcamp.event-redeem.com/,phishing
https://lmmxy.top/,phishing
http://tecebook.github.io/.com,phishing
https://wewow.club/,phishing
https://rxsolutionsindia.com/accedi/,phishing
https://bafybeic7egv4bneioj7yw5kf22rs7tg4khtfmtel7nrcitjfkntz7dqtvi.ipfs.infura-ipfs.io/,phishing
http://rsrishusingh.github.io/NetFlix-Clone/,phishing
https://rrenkang.com/,phishing
https://pre.abafast.cl/Tinkerfcu,phishing
http://upholldlogine.gitbook.io/ess/,phishing
http://test2-8kc.pages.dev/css/common/,phishing
http://loenwe-hopeagia-noprobs.pages.dev/help/contact/540353825019295/,phishing
https://optikundakustik.de/loginn.htm,phishing
https://optikundakustik.de/,phishing
http://m--start--comledger-auth.webflow.io/,phishing
http://paulstindershomes.wixstudio.com/my-site,phishing
http://pub-e9431f8641fb4668b9f08c8881dc9639.r2.dev/index.html,phishing
http://pub-55d2437597224e659c8576f31ea5f243.r2.dev/index.html,phishing
http://5838163365.com/,phishing
https://cdn.trytraffics.com/rdr/YWE9Mzc5Nzk4NTg1JnNlaT0yNzM5MzYzNCZ0az01M0ZlSXhHTjRjOFo0cHZxbGdGcSZ0PTUmYz05MGFzODc2ZmQ4OWFzNWZnOGEwOXM=,phishing
http://sharfeenako.github.io/Netflix/,phishing
http://pub-8161de4a277e4ee8b532af34954224e1.r2.dev/index.html,phishing
http://dev-0896231214.pantheonsite.io/,phishing
http://pub-149d4d9c6d584b858c08016d778c9c30.r2.dev/index.html,phishing
http://telegram-mtle.com/login,phishing
https://stieamccommnunlty.com/ijotl/dtie/ciotl,phishing
http://pub-a7b2bb0d4b56401789d19dab90cffeaf.r2.dev/index.html,phishing
http://pub-74b351f44b8f484b8f04b6db2fb59ffa.r2.dev/index.html,phishing
http://ankuragarwal130702.github.io/netflixclone/,phishing
http://pub-b363eebd12344c2987bfc6e1c604a13d.r2.dev/index.html,phishing
http://loginscreen-att-108245.weeblysite.com/,phishing
https://proxy.linux.romtelecom.net/,phishing
https://jaiuw8uolk.weebly.com/,phishing
https://cdn.trytraffics.com/rdr/YWE9Mzc5Nzk0MjM3JnNlaT0zMDMxNTEzNyZ0az1sdkIyYmlZc2ZVTWVKUWp1WEhMTCZ0PTUmYz05MGFzODc2ZmQ4OWFzNWZnOGEwOXM=,phishing
http://emergencymail49.wixstudio.com/mycurrentlyupdate,phishing
http://video-virall-in.lv-reg.com/id,phishing
http://urlz.fr/tNCu,phishing
https://cdn.trytraffics.com/rdr/YWE9Mzc5Nzk0Nzk1JnNlaT0zMDYwMDk5MSZ0az1mU0lsZUZvclFuOVdEdmRDR1VieSZ0PTUmYz05MGFzODc2ZmQ4OWFzNWZnOGEwOXM=,phishing
http://yegomoicidde-3528.vercel.app/szo.cxxfz,phishing
https://cdn.trytraffics.com/rdr/YWE9Mzc3OTkyNjA1JnNlaT0xNzA3OTE4NCZ0az13MEs2cW9nbjBuMUpwNzA4bnJmRSZ0PTUmYz05MGFzODc2ZmQ4OWFzNWZnOGEwOXM=,phishing
http://www.brwj.cn/,phishing
http://www.car1997.cn/,phishing
https://pub-4ef5a5e6cc4a4498baa4aadbea4df574.r2.dev/index.html,phishing
http://page01-5ug.pages.dev/,phishing
http://munnoi.github.io/Netflix-clone/,phishing
http://www.tinyurl.com/dzad654654/,phishing
https://pub-4eb608ff23634f6db04102ccdc7f581d.r2.dev/index.html,phishing
https://pub-5bbf4b6b05af45e097d7fbc2c78e0caa.r2.dev/index.html,phishing
http://ledguer-logon.webflow.io/,phishing
http://kucuinklogin.webflow.io/,phishing
http://messageriedufixe12.wixsite.com/messageriedufixe12,phishing
https://pub-8bc76deb5c6b4e47baef0f4932eb9e1f.r2.dev/index.html,phishing
https://priya07choudhary.github.io/Amazon-Clone,phishing
http://playreha.com/public/cx/index.html,phishing
https://pub-b9beb95597004580babdef7ebc75c54e.r2.dev/index.html,phishing
https://rubin-houdlogii.github.io/,phishing
https://login-press-apple.dmlib.pro/,phishing
https://metta-masklugiyscuu.godaddysites.com/,phishing
https://meltamassk-luggiz.godaddysites.com/,phishing
https://appole.indigen.cn/store/,phishing
https://ebayseoinc.com/,phishing
https://dillikicp.com/track/app/track.php,phishing
https://urlz.fr/u5d0,phishing
https://atttlogin5434.weebly.com/,phishing
https://updatedemailservicenowneededforbenefit.weebly.com/,phishing
http://quikkwebrepbook.tw/signin/,phishing
http://intuipqb.tw/signin/,phishing
https://aoth-sutie-ttrezor-app.webflow.io/,phishing
https://connect-sso-treazor.webflow.io/,phishing
https://quole90.weebly.com/,phishing
http://case-1000341671.mfbsp1124.click/,phishing
http://eastlink-103689.weeblysite.com/,phishing
https://fifth33rds.com/cont/fifth/en/personal-banking/bank/foreign-currency-exchange.html,phishing
https://s.team-invlte.team-pww.com/,phishing
https://bafybeif6rstqhk66jvd7lnjzdv7uofkbc4cipv5ydhyw56vwsxgzupalla.ipfs.dweb.link/C6F61643A206874747.htm,phishing
https://amzon.pro/,phishing
https://userattmail7894984904905.weebly.com/,phishing
https://currentlyatt88771.weebly.com/,phishing
https://savvicesse.weebly.com/,phishing
https://server872.weebly.com/,phishing
https://steamcommnunty.com/app/17308/rust,phishing
http://ck188188w.com/,phishing
http://bxx21q.com/,phishing
http://6h815.com/,phishing
http://38438ht.com/,phishing
http://2381yy.com/,phishing
https://entreideias.pt/webkalifree?7eL9JQZWMR=/,phishing
https://6h919.com/,phishing
https://publiwave.xyz/,phishing
http://work-with-us-31m.pages.dev/help/contact/571905517638187/,phishing
http://ic.skysoon.com/ger01.html,phishing
http://dev.raymehrkish.com/ger02.html,phishing
http://events.preprod.afcen.com/ger01.html,phishing
https://kucoinlsogin.webflow.io/,phishing
https://r0bypasf.forms.app/,phishing
https://metamasknlogins.webflow.io/,phishing
https://3240404.top/,phishing
https://integrationfixer.pages.dev/,phishing
https://ixi.me/@pagehelp05?case?id=/60659,phishing
https://andressacabrall.github.io/Clone-Pagina-Instagram,phishing
http://tofishedhtnl.weebly.com/,phishing
https://skyvadeli.com/,phishing
https://ikosnnjds.com/,phishing
https://layanan-diana.bantuan-resmi.top/,phishing
https://uphuldlogim.github.io/,phishing
https://bafkreiabdzge4hdhzthnfwz2jnmvei7eyjksjohms6z6qgtdkmflohpway.ipfs.flk-ipfs.xyz/,phishing
https://wap.pixelreeder.com/,phishing
https://7c9a5.guzhibo.cn/,phishing
https://p5u7j.guzhibo.cn/,phishing
https://d8h1v.guzhibo.cn/,phishing
https://flodjxi.cn/,phishing
https://t4s7f.guzhibo.cn/,phishing
https://h2r5d.guzhibo.cn/,phishing
https://m1x9z.guzhibo.cn/,phishing
https://attmaill0gin2341.weebly.com/,phishing
https://bigdriveonline.synology.me/cgi-bin/home.ha/,phishing
https://640sycamore.duckdns.org/cgi-bin/home.ha/,phishing
http://privacycenter-managerpages-es.web.app/meta-community-standard.html,phishing
https://pub-fb083ff96a084263810de1145c98cad6.r2.dev/index.html,phishing
https://pub-d8e477385c47458295d85ce2b4e8d4ef.r2.dev/index.html,phishing
https://airbnb.thomas-jan.fr/,phishing
https://escudodeprotecao.com.br/Adobe/adobe-3D6,phishing
https://saroma.net/,phishing
https://alheriroyalhotel.com/,phishing
https://alarabicenter.com.eg/sacm.html,phishing
https://pub-c0417de660044b23aa0b7dbebf78b790.r2.dev/index.html,phishing
https://instafreefollower.netlify.app/,phishing
https://currently87721.weebly.com/,phishing
https://walleit-ledger-wllt.webflow.io/,phishing
https://pub-607eadd3b13e4ef1b2bc4cfadc478327.r2.dev/index.html,phishing
https://attcreditnoterupdatetimedecreescreen.weebly.com/,phishing
http://www.shorten.is/@userauth65218999/,phishing
https://www.tl-larger.org/,phishing
https://currentlymail91.weebly.com/,phishing
https://sedduok.github.io/test/,phishing
http://aba8daff-44ac-4f69-80b9-6ba39a370369-00-191g1axivagw1.pike.replit.dev/,phishing
https://juno-107111.weeblysite.com/,phishing
https://pub-076885f8813e48689c25cb9d58fb3491.r2.dev/index.html,phishing
https://pancake-frontend-dejmy38ut-chefilip.vercel.app/voting/proposal/create,phishing
https://pub-ddd7a9690be64fcc90b63dcf4c9f234a.r2.dev/index.html,phishing
https://asureindirect.blogspot.com/,phishing
http://asureindirect.blogspot.tw/,phishing
https://www.bet365huangguang6.com/,phishing
https://www.bet365huangguang5.com/,phishing
https://pub-1243f05931b54ebda22d9325c7fc1dd5.r2.dev/index.html,phishing
https://www.haseenergia.com/p0p/p0pjan30/p0p-jan/2bb06deabe09e7bc69af549b7c0a7ca2,phishing
https://www.haseenergia.com/p0p/p0pjan30/p0p-jan/4b955c4377150b73576e2170262e7ec3,phishing
http://rcadelivery.com.br/,phishing
http://metamasckwalletz.webflow.io/,phishing
http://rakshop.cc/,phishing
http://dann-ggvw-indo.daftarfylter.biz.id/,phishing
http://homemailatt-1008994.weeblysite.com/,phishing
http://grand663.top/,phishing
https://logon-en--web-ledgr.webflow.io/,phishing
https://bronm0.wixsite.com/nbmp,phishing
https://guzhibo.cn/,phishing
https://e6w3i.guzhibo.cn/,phishing
https://x9g4q.guzhibo.cn/,phishing
https://b3e8k.guzhibo.cn/,phishing
https://tiktok-wholesalers.net/,phishing
https://6q2n8.guzhibo.cn/,phishing
https://attofficepage.weebly.com/,phishing
https://gg.bbprklsds.shop/ja-JP/,phishing
http://www.marrklkkelllekke.com/,phishing
http://klaiim-hadia4h-danaaiid.iid-resmii2.xyz/,phishing
http://klaiim-hadia4h-danaaiid.resmiinii2.xyz/,phishing
http://klaiim-hadia4h-danaaiid.upresmi2.xyz/,phishing
http://www.15-subat-ramazan-indirim-zamani.duckdns.org/indexer.html,phishing
http://klaiim-hadia4h-danaaiid.resmiid2.xyz/,phishing
http://klaiim-hadia4h-danaaiid.cs-resmiii2.xyz/,phishing
http://klaiim-hadia4h-danaaiid.resmini-id2.xyz/,phishing
https://amazon-prime-opui.openplatform.co/amazonprime/generateOTP,phishing
https://cc.yyorklck1.shop/ja-JP/,phishing
https://firsttopcld-fdx.com/,phishing
https://ff.ccaoshabi.shop/ja-JP/,phishing
https://atmailupdateformeupdaterdzxtdinfomailacct.weebly.com/,phishing
https://logontoaccess.weebly.com/,phishing
https://monitor-collab.github.io/amazon,phishing
https://shaw-104374.weeblysite.com/,phishing
https://attmaillity.weebly.com/,phishing
http://9394663365.com/,phishing
https://logen-sso-trzorr.webflow.io/,phishing
https://uijkr8f89oerfjncy78fo.weebly.com/,phishing
http://hl8gkv.webwave.dev/,phishing
http://jfhoyi45.github.io/,phishing
https://pub-6ec1788194514d5693d77aa975f7c75b.r2.dev/index.html,phishing
http://stenmcommunity.com/gift/id=1131341079,phishing
http://pudgy-pudgy20.vercel.app/,phishing
https://case-1000678236.mfbsp1324.click/,phishing
http://yxlpj5wj.com/,phishing
http://whitelistaccesscoinbase.com/,phishing
http://amecxtrave.xyz/,phishing
http://653784yy.com/,phishing
http://688cp555.vip/,phishing
http://66976qwp.com/,phishing
http://667788hb.com/,phishing
http://2020dfcp.com/,phishing
https://att987363.weebly.com/,phishing
https://oauth--sso-trezour-web.webflow.io/,phishing
https://servicejytcurrently.weebly.com/,phishing
https://br.brasil104-1070.com.br/~prime6850561/,phishing
http://www.shorten.is/@loginvalidation34567890/,phishing
https://dllkmenqxbdeodifud.weebly.com/,phishing
https://rtyuiuytgf.weebly.com/,phishing
https://atttmail784895905955.weebly.com/,phishing
http://qrty.btleat.xyz/,phishing
http://muhammedsharif.github.io/netflix/,phishing
https://pub-a390d1aa30ac46b69336b2c82ebc8fa7.r2.dev/index.html,phishing
http://h551000.cc/,phishing
https://metamaskconnect.firebaseapp.com/,phishing
http://chartercom-gu7r5tte.pages.dev/,phishing
https://docs-en-treezor.github.io/en-us/,phishing
https://dalobatter.com/,phishing
https://pub-08e5f153316343c0aa3c10c00ee9ae24.r2.dev/index.html,phishing
http://telente-qfnt.icu/,phishing
https://unrestrictlogin.com/,phishing
http://currently333.weebly.com/,phishing
http://telemgram-ri.org/,phishing
https://att-102438.square.site/,phishing
https://attmailhppt.weebly.com/,phishing
https://signiatcodynamialive.weebly.com/,phishing
https://groovy-deciduous-diascia.glitch.me/index-usaa.html,phishing
https://dana-pinjaman.szvdn.biz.id/2025/,phishing
https://currentlymail411.weebly.com/,phishing
https://wirelessscompany.wixsite.com/my-site-1/,phishing
https://attcom-105480.weeblysite.com/,phishing
http://attcom-105480.square.site/,phishing
http://vrunddalal.github.io/Netflix.clone/,phishing
https://att-107437.weeblysite.com/,phishing
http://att-107437.square.site/,phishing
https://attcom-108960.weeblysite.com/,phishing
http://attcom-108960.square.site/,phishing
http://sanitta2002.github.io/netflix/,phishing
http://www.meta.dappsxs.com/,phishing
http://miaou2.uniuuu.com/,phishing
https://attmailonlineref.weebly.com/,phishing
http://lgcxuhcxtw.duckdns.org/en/,phishing
http://ipfs.io/ipfs/bafkreihrpzghhhyalyenqeck6xkauoezgcdsafml4j63hl3yslmnbv4ovu,phishing
http://ipfs.io/ipfs/bafkreihokfy4h66keavli5njv6cfaxgkdl7yupsnc7h5uh7asvf4dpb7qu,phishing
https://sujan010.github.io/amazon-clone1,phishing
https://tokenpocket-dapp.pages.dev/,phishing
https://kuuicon_loggix.godaddysites.com/,phishing
https://www.pontos.icliente-30hs.app/cadastro.php?codigo=lwOXWyBPPuWGjS9iGZ2AXzEeeKB,phishing
http://danacs12.pages.dev/,phishing
https://suhangrover.github.io/phishing-insta,phishing
https://storage.me-qr.com/html/a7779a1f-4329-48ae-926d-878c82f106a4.html,phishing
https://vintedfi.6537557257.live/payment/265262385,phishing
https://jgghuemanileigon.godaddysites.com/,phishing
https://booking.com.s1.prop223875.homes/property-a-Platonos-31-Thessaloniki-Greece-ssid-s4l2Vx9DIoTAyPon8Yk59VVwl632d4.booking,phishing
http://www.shorten.world/@metabusinesssupportplatform_page2025/,phishing
https://projectmanagerblueprint.com/,phishing
https://geeminizzl_ogin.godaddysites.com/,phishing
https://metmax_usa_loggi.godaddysites.com/,phishing
http://z1r00t-be3nkr.com/,phishing
https://geminilogine.weebly.com/,phishing
https://metamusskinloggini1.godaddysites.com/,phishing
http://juno-5434533.weebly.com/,phishing
http://freeattspage.square.site/,phishing
https://queunanesoinou-2487.vercel.app/kty.ekpjy/,phishing
http://lgbvpjwsqk.duckdns.org/en/,phishing
http://you1.knowitall.wiki/,phishing
http://daili.dsyl.xyz/,phishing
http://telargam.wang/,phishing
https://steamesconmmunity.com/10534920951,phishing
https://ziraet.sbs/,phishing
https://zireet.sbs/,phishing
https://auhmn.sbs/,phishing
https://www.15-subat-ramazan-indirim-zamani.duckdns.org/,phishing
http://universegloballinethreat.weebly.com/,phishing
https://addisfriend.com/?p/fvrv-ddeqwv/cqmdnpmv,phishing
https://ilalp.top/,phishing
https://dddjsjs.weebly.com/,phishing
http://aidattiade-turkiye.duckdns.org/,phishing
https://att-103512-adeyemi.square.site/,phishing
http://hzojrblwef.shop/,phishing
https://metyuimasklogin-usa.godaddysites.com/,phishing
https://meetaamaskloginz.godaddysites.com/,phishing
https://www.ohiojcl.org/,phishing
https://app.mainnet-dbk.com/,phishing
https://www.fiberoptic-device.com/,phishing
https://vansh1311.github.io/Netflix-project,phishing
https://fastbenefit.cfd/,phishing
https://bgtfr.weebly.com/,phishing
https://stenmcommunity.com/gift/id=7465904,phishing
https://stemcommmuntly.com/glft/7651464628003541,phishing
http://login_coinbasepr0.godaddysites.com/,phishing
https://pub-64c50f4a8f394c30b74ed1ac01710af3.r2.dev/index.html,phishing
https://telegnram.mom/,phishing
https://outlook.schule-goldbach.de/_xgbvgxfegwtborc_form?Lw==/,phishing
https://tradeforuminvest.top/,phishing
https://1.t18060138696-9b9.workers.dev/,phishing
https://www57365.cc/,phishing
https://fr.shopping.rakuten-paiments.com/cart/UT4aVoeSF3Rxx72QtMvJMk/,phishing
https://motox.licagroup.net/1bxs4wffjdstyujkg6t5/,phishing
https://sansolveversedesk.xyz/,phishing
https://schoolgirls.cyou/+0RCvVqPa1FcC3Yw,phishing
https://tiktokshopmall.info/,phishing
https://goo.su/kLrucBW,phishing
https://near-part.ru/fgh46wui64,phishing
http://muhammad-sultan-56.github.io/Netflix-Clone/,phishing
https://pub-373a4b9dee8448f7ae6feab2f1fbeb3f.r2.dev/zana.html,phishing
https://pub-442ed822851244a689b3472ea2c6a950.r2.dev/index.html,phishing
https://shipment-track-order-no-4389840834909330.vercel.app/adim/9iuj21q/ordersdhicrypt.htm/,phishing
https://pub-9c0e124bfdae48649cf3f048dae74580.r2.dev/index.html,phishing
https://pub-06d4cc19dd4f413ba88d354f695adb33.r2.dev/index.html,phishing
https://pub-7939c4661e5a4d42b00f10507cd7b6b1.r2.dev/index.html,phishing
http://lgbpkfavxp.duckdns.org/en/,phishing
https://pub-c808132868b74a96badd12203353a957.r2.dev/index.html,phishing
https://pub-9cf297c6a03346d5ac25e6649a786211.r2.dev/index.html,phishing
http://heady-thundering-vinca.glitch.me/T-RA-N-S-C-A-T43-2-4-22-4.html,phishing
https://staemcomunnitly.com/fbe00e2b0ff09bd190fccae994e870bf/c3RhZW1jb211bml0dGx5LmNvbQ==/aHR0cDovL3N0YWVtY29tdW5uaXRseS5jb20vZ2lmdC9hY3RpdmF0aW9uPURvcjVGaG5tMTF3,phishing
https://stenmcommunity.com/gifts/id=7658887233,phishing
http://facebook.loginfo.org/,phishing
https://letsgetclose.icu/+Bb5dSF1FpkQIVcz,phishing
http://zxs-danxindnsia-rsm1.ns10.us.kg/,phishing
http://lesta-lt.com/,phishing
https://coinbase-pro-login45.godaddysites.com/,phishing
https://kcurkoon-legiun.godaddysites.com/,phishing
https://gimking_zxliling.godaddysites.com/,phishing
https://pub-903cd42f250e4526ad35bcac86048a96.r2.dev/index.html,phishing
http://mettamks_-logi2.godaddysites.com/,phishing
http://bafybeieyhd25jih7trwqieeqdrajoxjzzitbyh4ehf274r4wlrjzqz7vrm.ipfs.dweb.link/D6F62696C6520417070.htm,phishing
http://pub-a756bfbce6f24896a23dd2b2872b7bd6.r2.dev/blosun.html,phishing
https://pub-23ec2b6870b54862b3decb490d7f28c2.r2.dev/index.html,phishing
http://tiktokwq.shop/,phishing
http://tiktokzx.shop/,phishing
http://tiktoksz.shop/,phishing
http://pub-4cb7958317b746f89d2408539f019ded.r2.dev/olufinindex.html,phishing
https://goo.su/TzFdSz,phishing
http://msimkin1230.wixsite.com/att2718/,phishing
http://fffffbbbbv.wixsite.com/my-site/,phishing
http://pub-682ad3b65d944376b919745aae3c56d4.r2.dev/document1.html,phishing
muenchner-kammerspiele.de,legit
ndprov.info,legit
bookwxy.com,legit
plinkoswinnerslots.com,legit
greenvillecounty.org,legit
helgeklein.com,legit
mewsr.com,legit
omhs.org,legit
criticalcss.com,legit
iiv.uz,legit
1windkx.xyz,legit
clarityfirst.com,legit
fur495.online,legit
1tamilblasters.cool,legit
liquidanalytix.com,legit
keurig.ca,legit
sportsaffinity.com,legit
hyndburnbc.gov.uk,legit
untarget.ai,legit
iosxpert.cloud,legit
podkarpackie.pl,legit
tools.com,legit
mobiround.ru,legit
suzukikenichi.com,legit
7000partbestpromo.com,legit
radiopatrulla.com,legit
zoukhotel.com,legit
meandergroep.com,legit
vulkcasino.club,legit
shekeepsalovelyhome.com,legit
pokeclicker.com,legit
paper-less.ai,legit
s-mania.com,legit
bigdns.net,legit
piably.hair,legit
granturismo-online.net,legit
wyolotto.com,legit
outlook.jp,legit
freemeteo.lv,legit
factun.com,legit
fyahrebrands.xyz,legit
netflix.ca,legit
fibery.io,legit
refreshweb.com.au,legit
citycard.ru,legit
apisearch.cloud,legit
io.lol,legit
theunsentproject.com,legit
aprbot.com,legit
ntli.net,legit
jai365.com,legit
apcc.com,legit
clover.host,legit
bigance.com,legit
mallasgalbis.es,legit
7lle.com,legit
celebrity.fm,legit
kazinos-wulkan.top,legit
extremeiceland.is,legit
pedsovet.su,legit
fhv.at,legit
ycyjjaw7o07v4.info,legit
linkmio.com,legit
techinformed.com,legit
brico-phone.com,legit
worldiptv.me,legit
check.porn,legit
sportline.com.ar,legit
leisure.com,legit
medikaplaza.com,legit
minimaetmoralia.it,legit
rescuetheanimals.org,legit
weavelab.ninja,legit
imgcs.net,legit
wbpromo03.click,legit
ensky.co.jp,legit
5956djsj88.com,legit
dealxtop.com,legit
intaker.com,legit
op.org,legit
amtrav.com,legit
phayul.com,legit
narodnopozoriste.rs,legit
pupukkaltim.com,legit
berliner-rundfunk.de,legit
try-your-luck.xyz,legit
artfocus.com.tw,legit
u83yfh.com,legit
bblcdn.com,legit
pauahtun.org,legit
superflix.one,legit
traningrelive.com,legit
getbit.pro,legit
taurusx.com,legit
xn--1-wm2fx40af6a19bn91b.com,legit
partstech.com,legit
totalenergies.uk,legit
cavisson.com,legit
koreacomestics.click,legit
eagleforum.org,legit
zol.be,legit
kommunikations-dienste.de,legit
dom2-line.ru,legit
questroom.com.ua,legit
invintus.com,legit
transgaz.ro,legit
forticasb.cloud,legit
bestattung-walzer.at,legit
jamieandmario.com,legit
rushfuck.com,legit
poliana.ro,legit
momentdigital.fi,legit
christianaid.org.uk,legit
certforums.com,legit
softether.com,legit
reflexionsaruba.com,legit
naijamp3s.com,legit
btl.net,legit
technologytimes.pk,legit
blogtesla.fr,legit
arizonacustomknives.com,legit
mansioningles.com,legit
lord-to.co.jp,legit
racktools.us,legit
sortototrust.com,legit
darlingtonandstocktontimes.co.uk,legit
gameabc2.com,legit
blacksheepindia.com,legit
omahas.com,legit
trygofast.com,legit
echobox.dev,legit
nxgen.cloud,legit
togg.cloud,legit
infernodns.online,legit
buses506.com,legit
darkghost.org.ua,legit
pickalink.com,legit
bariloche.gov.ar,legit
globalresponse.com,legit
cleantech.com,legit
durr-group.com,legit
frc.ch,legit
getgrist.com,legit
danceus.org,legit
netriplex.com,legit
maxigazino.com,legit
rosexport.su,legit
paladins.ru,legit
mynatgenpolicy.com,legit
vivocity.com.sg,legit
webalive.com.au,legit
cchamy.com,legit
chocolatecompany.nl,legit
bgplayground.net,legit
bonaslot2025.com,legit
brunorossi.cl,legit
scorebuddy.co.uk,legit
flotrack.org,legit
1tamilmv.fit,legit
mythdhr.com,legit
makdaiexpress24.com,legit
compoundchem.com,legit
masinky.cz,legit
hb188gambling.online,legit
bestmadeco.com,legit
yundingktv.com,legit
dnstrip.com,legit
technomat-shop.com,legit
atldatacentersllc.com,legit
shipcloud.io,legit
ipchecker.site,legit
takapro5.com,legit
zaizai.net,legit
wilfy.ru,legit
iqpizza.com.ua,legit
megaflirt.com,legit
movable-ink-9483.com,legit
cyberguru.eu,legit
jeboltogelkelapa.com,legit
simplicityhost.net,legit
irc.lc,legit
hqontario.ca,legit
switchcareers.info,legit
henssler.shop,legit
zyrofisherb2b.co.uk,legit
unimar.br,legit
getverdict.com,legit
challenge.ma,legit
cdn-retailhub.com,legit
radugainternet.ru,legit
5-letter.ru,legit
ciakcity.it,legit
oddgate.com,legit
rankingkasyn.pl,legit
persianhive.com,legit
aicad.es,legit
bodendirect.at,legit
zhiwwl.com,legit
wisst-ihr-noch.de,legit
scalperscompany.com,legit
polar.cz,legit
comunicazione.va,legit
bets10blog.net,legit
tbc.com,legit
rina.org.uk,legit
siop.org,legit
zebarrier.com,legit
ptsupply.com,legit
yilianmeiti.com,legit
jwmatch.com,legit
kudanamore.ru,legit
pokerdom-kasino.info,legit
tads.com,legit
i2fx.ru,legit
search-hub.co,legit
sebringracewaynews.com,legit
pelit.fi,legit
thefurnituremart.com,legit
ajecr.org,legit
empek.xyz,legit
brianzabiblioteche.it,legit
kikumasamune.shop,legit
searacon.nl,legit
sounds.nl,legit
pvn.gob.pe,legit
br7.game,legit
tianyecollege.com,legit
atwonline.com,legit
taraexpeditions.org,legit
thisis50.com,legit
tabinc.com,legit
vijfzintuigen.nl,legit
savingsbonds.gov,legit
dgmlive.com,legit
1xbet-ghr.top,legit
cronberry.com,legit
essayforum.com,legit
xanadu.ai,legit
c1vhosting.it,legit
markryden.com,legit
prava-onlinerr.online,legit
mitgroup.ru,legit
thebreakingtimes.com,legit
abintrahosting.com,legit
oatext.com,legit
digitalb.tv,legit
longtailpro.com,legit
antifriz.tv,legit
lightnovelheaven.com,legit
souuni.com.br,legit
lottoactivo.com,legit
bobbies.com,legit
uxlink.io,legit
dogsanimalxxx.club,legit
vylkan1stars.vip,legit
pima-alarms.co.rs,legit
samehadaku.care,legit
boyleheightsbeat.com,legit
lucky-bums.life,legit
marmaladyclothingbar.com,legit
ejarestan.ir,legit
moneysmartguides.com,legit
tinthethaow88.com,legit
presidenslotsuper.com,legit
tehranimoda.com,legit
utd.edu,legit
remont-byttekhniki-nnv.ru,legit
vipdepo.net,legit
thehawkeye.com,legit
nes.com.tr,legit
ekey.pro,legit
fishersci.fr,legit
getzips.com,legit
facta.news,legit
arubabiz.net,legit
fintechmarket.pro,legit
voyagedenver.com,legit
datosperu.org,legit
jtmmh.org,legit
tourisme-mulhouse.com,legit
granthaalayahpublication.org,legit
nanao.moe,legit
bitmapbooks.com,legit
samsungcloudsolutions.com,legit
crcmg.org.br,legit
canadiannanny.ca,legit
hallobabysitter.de,legit
demofortunetiger.com,legit
vulkan-casino-official.fun,legit
rampmetrics.com,legit
securitas.ch,legit
rasastar.site,legit
bytemag.ru,legit
soopat.com,legit
gogo-kyobashi.com,legit
dmti.cloud,legit
jazhotels.com,legit
procrf.su,legit
howtodothings.com,legit
apsis.one,legit
quizzz.in,legit
thehuddle.nl,legit
porno365.rodeo,legit
o3x3mgerc7.com,legit
prqqgrg.cn,legit
rootnet.app,legit
sour.gg,legit
bellway.co.uk,legit
enfinlegal.com,legit
lev-casino-ru.com,legit
pcc.org.uk,legit
icriforum.org,legit
teachrock.org,legit
nrnymdb.cn,legit
tradevine.com,legit
kniland.sk,legit
club2108.ru,legit
thecloudlimited.net,legit
testadministration.org,legit
helloyishi.com.tw,legit
pershastudia.com,legit
vidaxl.ae,legit
vmrange.lat,legit
ag.vu,legit
dec.net.ua,legit
aquanet.ru,legit
nte.mx,legit
joblum.com,legit
zalsqa.eu,legit
immigrationbarrister.co.uk,legit
noitu.pro,legit
vnish.us,legit
valia.com.br,legit
easystar.club,legit
gitmoney.online,legit
mapleleaf.ca,legit
x-1xbet-09218.world,legit
hepsiian.com,legit
nostrabet.com,legit
bellicon.com,legit
gamezoneadmin.com,legit
zzcartoon.com,legit
laurenceking.com,legit
visitindy.com,legit
eduonix.com,legit
cowenpartners.com,legit
sosalarm.se,legit
deoci.biz,legit
iboxpay.com,legit
healthfellows.ng,legit
lesehantotosuper.art,legit
rustytel.net,legit
hostedpci.com,legit
springwise.com,legit
unimedceara.com.br,legit
3xmedia.ro,legit
aireserv.com,legit
xymob.com,legit
arizonafoothillsmagazine.com,legit
vfproductfinder.com,legit
films1080.net,legit
sologstrand.dk,legit
optadata.at,legit
design-mate.ru,legit
crypto-pool.fr,legit
ppay.link,legit
sficam.com,legit
hodinky-365.sk,legit
elperiodista.cl,legit
incover.no,legit
network-survey.com,legit
framily.de,legit
dreamtalent.id,legit
kanonji-mitoyo-med.or.jp,legit
cybersecurityintelligence.com,legit
betvisathb.com,legit
kniganasluh.com,legit
kaspersky.com,legit
sun.com,legit
pkp-cargo.eu,legit
one4allrewards.co.uk,legit
edsheeran.com,legit
magicstreams.gr,legit
aps-india.de,legit
pocket.tw,legit
77win.red,legit
diskcity.co.jp,legit
seo-pomerania.com,legit
es.hu,legit
stkwimall.com,legit
dearwhisky.com,legit
aquabid.com,legit
fufuslot-fafa.shop,legit
vibecreditunion.com,legit
fminside.net,legit
sceea.cn,legit
fairspin-thl.buzz,legit
republica.com,legit
brayanzanelatto.com,legit
friendica.world,legit
forentech.biz,legit
cat-casino32.ru,legit
kumiho.one,legit
carkw.com,legit
heshevideos.com,legit
rinchem.com,legit
sousavip.com.br,legit
dyuyo.com,legit
theunlockr.com,legit
momsex.su,legit
freepsychicsreading.net,legit
alltechbazar.com.br,legit
mtrust.pt,legit
wazohost.net,legit
fnetpe.com.br,legit
nic.clubmed,legit
rituaria.com.br,legit
tecmilenio.mx,legit
acomputersguides.com,legit
easypronet.com,legit
radishfiction.com,legit
twinsdaily.com,legit
strtvs.com,legit
whspn.net,legit
branex.ca,legit
mgmotor.pl,legit
bitverse.zone,legit
splashlagoon.com,legit
avagenesis.com,legit
aladin-shishashop.de,legit
vds.org.in,legit
bpcbt.biz,legit
radiord.ru,legit
bupa.cl,legit
maroc-dating.com,legit
hockeyqca.ca,legit
getafixapp.com,legit
kredito24.in,legit
fsi.nic.in,legit
shortns.shop,legit
dordlegame.io,legit
byflou.com,legit
itninja.com,legit
linetv.tw,legit
zhong5.cn,legit
toolmania.nl,legit
nexford.edu,legit
pp.events,legit
high-fashion-discount.net,legit
fairway.com,legit
fc-net.fr,legit
cenet.catholic.edu.au,legit
moregogiga.com,legit
gfs.ru,legit
pangpangsports.com,legit
fast-sfc.com,legit
verblackclover.com,legit
syzqpq.com,legit
nour.net.sa,legit
novafield.shop,legit
mrexcel.com,legit
digitallearn.org,legit
pinguin.gr,legit
ypiao.com,legit
slowpoursupply.co,legit
saiw.pw,legit
atlantaonthecheap.com,legit
saka1687.com,legit
progroshi.news,legit
informeagora.com,legit
sonetx.com,legit
bike-x.de,legit
localdomain.com,legit
gerastar.com,legit
astroera.in,legit
santemonteregie.qc.ca,legit
8u8bet.com,legit
go2lakeoftheozarks.com,legit
hotmaals.org,legit
warpfootball.com,legit
keepdesign.com.my,legit
yerifest.com,legit
mangapark.com,legit
dddhosting1.com,legit
cytechnology.com,legit
inch.com,legit
easyapotheke.de,legit
geely.ae,legit
getlaunchlist.com,legit
onekindplanet.org,legit
kutubm.com,legit
isifederal.com,legit
cpmadserver.com,legit
librarystationupdate.com,legit
vitalsignstracker.com,legit
ayambeautycare.com,legit
neargroups.com,legit
boostlikes.com,legit
lipimagazine.com,legit
croket.co.kr,legit
